{"cameraMode":{"drawMode":0,"name":"Shaded","section":"Shading Mode"},"sceneLighting":true,"audioPlay":false,"sceneViewState":{"m_AlwaysRefresh":true,"showFog":true,"showSkybox":true,"showFlares":true,"showImageEffects":true,"showParticleSystems":true,"showVisualEffectGraphs":true,"m_FxEnabled":true},"in2DMode":false,"pivot":{"x":-0.15511953830718995,"y":16.6143741607666,"z":-1.235803484916687},"rotation":{"x":0.10740803927183151,"y":0.20978593826293946,"z":-0.023217227309942247,"w":0.9715773463249207},"size":3.2377631664276125,"orthographic":false}